tweet_id,predicted_sentiment
568768874037915648,negative
568633738567012352,neutral
569854540494868481,negative
568778553933889536,negative
568193698284118016,negative
569328072027189248,negative
568560685568937985,neutral
568085308727808000,neutral
568055537952284672,negative
569695357858238464,neutral
570033439857979392,neutral
569616634601717760,negative
567713896627470336,negative
569829960178905089,negative
569671485930876928,neutral
569688698301784064,negative
567623209026334720,negative
569723932355358720,negative
568248950450311169,negative
570063450174464000,negative
568433759919452160,negative
568677633682214912,negative
569970608693493760,negative
570084690608201728,negative
568649643187310593,positive
569699965527666688,negative
567767199700758530,negative
568054514617622528,negative
569994134997610496,positive
570082420936052737,neutral
568425693828132864,positive
568380876855353344,negative
570104544622981122,negative
568754053083222016,negative
567746540903493632,negative
568116602186502144,neutral
568109565796958209,negative
569626122578726913,positive
570265626146512896,neutral
568926306496172032,neutral
567905184040382464,negative
568824786337574912,neutral
570300248553349120,negative
568760315569053696,negative
568093784417951744,neutral
569904589010575360,negative
569881888892055552,neutral
570265300685488129,negative
569649006986407936,neutral
570283824040382464,positive
569007629868998656,negative
568757933502148608,negative
569870480993181698,positive
569715059385114624,negative
570024324666564610,negative
569274600196075520,negative
567735983370539008,negative
567848544893169664,negative
569884644893532161,negative
569618884355092480,neutral
569483303067131905,neutral
570088980278059008,neutral
570264306350227456,positive
568947542899052544,positive
570194141612789760,negative
568782407698149376,negative
568546837231042560,neutral
569864290578108419,negative
568877690821877760,negative
569905124723675136,neutral
569650859371405312,negative
569504813915832321,negative
569342608813793280,negative
569608322925473792,negative
568335451741749248,neutral
568525820764897280,negative
568947623626846208,negative
567925957090238464,negative
567813037454917632,negative
569911231705944064,neutral
568830996365193216,neutral
569730716692393984,negative
569749896095358977,negative
569148114193530881,positive
569690433996984320,negative
569976848786034688,negative
567874858815733761,negative
567814121870348289,negative
569496793668591617,negative
570009951474753537,neutral
567803109687443456,neutral
568281801480904704,positive
569624009354170369,negative
568752875205238784,negative
569009996668624896,neutral
569191687794270209,neutral
570016312610709504,neutral
569759558777892864,positive
570261977332731904,negative
568258333649604608,positive
568967381860503552,neutral
568498114300153856,negative
569891436100874241,neutral
570289777184002048,negative
568864796717805568,neutral
568080542345895937,negative
570063869596475394,negative
569525974284558338,neutral
570071350133579776,negative
569644456376340480,positive
570049704618299392,negative
569604904689340416,negative
569484965055832065,negative
568913346675613696,neutral
569967493487292416,negative
567992830943223808,neutral
569464183374385152,negative
570245840612265985,neutral
569919020784185344,negative
570101817041747968,negative
569646538814824449,negative
568845241526038528,negative
569697456536965121,positive
567860351569649664,negative
569146504004415489,negative
568662554047696896,neutral
569293537864499200,neutral
568553063935557632,negative
568814284680994816,negative
569091378438746112,positive
569472446954389504,negative
569127429702348800,negative
568810180269494272,negative
569908080114339840,neutral
568810516740644864,neutral
569618972535959552,negative
568171538324840449,negative
569769708569767936,negative
568916674168135681,negative
569654749055864832,negative
568202855166967808,positive
569232650965102592,negative
569984229393637377,neutral
567876794788872192,neutral
569938450633388032,negative
569762463811383297,neutral
569484387055734784,positive
570305363859406848,negative
568517386795507712,positive
569904406285516800,neutral
568920546043408385,neutral
569634077571051521,positive
570079290953486338,positive
569801303204851713,negative
568594708177555457,negative
569971949440524288,positive
569852332797775872,positive
569777329330884608,positive
569595399557685248,negative
569710365770182656,negative
568100090390425600,neutral
569518382883704832,negative
569771270839013376,negative
569995514558550016,positive
568803061361025024,negative
569591136534319105,negative
568596065882017792,neutral
569675799122591746,negative
568803260569690112,neutral
569521573268480002,negative
569607918569410560,neutral
568826425538519041,negative
569627079458865153,negative
569934977963573248,neutral
570272387985514497,negative
569660740396720128,negative
569605942318231553,negative
569233260108124160,negative
570002083832733696,negative
568941851228528642,positive
569580275182772225,negative
567951376480907264,positive
567752478309875714,negative
569864108134301697,negative
570267608773054464,negative
568527605063757824,negative
569713719124602880,negative
568278516309090304,neutral
568045397408661504,neutral
569911713459408896,negative
568111178708336640,negative
568535163690287104,neutral
570298018685165568,neutral
569525690615205888,neutral
570060649780400128,negative
568209603332214784,positive
569663875836219392,neutral
569276864260255745,negative
568887349481861120,negative
569683397657767937,neutral
567712600772050945,negative
569569152312213506,negative
568735994838589441,negative
569223447005433856,negative
567805001050890240,negative
568201465958772736,positive
570267956648792064,positive
568928195581513728,negative
568829906584346624,negative
569709195936735232,negative
568077746481586176,negative
568651726858747904,negative
569636064035348480,neutral
567874134174101504,negative
569691521454223361,negative
569642078990258176,negative
570278644918194176,negative
570294451261874177,negative
568981931599237120,negative
569890741666717697,neutral
569591700416393216,neutral
568588273137754112,negative
569848857498161154,positive
569970117154484224,negative
568428195193729025,neutral
568471651114811393,neutral
567771317705773056,neutral
570194709261488129,positive
568326927695491072,positive
567727581873848320,negative
568627619991650305,neutral
568064382627921920,negative
568778028773347329,negative
569822645065093121,negative
569954393216454656,neutral
570261193685749760,negative
567796079446745088,neutral
570078379421990912,negative
569526070615138304,negative
569859985208770562,neutral
569710446112067584,negative
569907782108839938,negative
569093984640995328,negative
567728227465310208,neutral
569741783896367104,neutral
569491295766343681,negative
570003144366792704,negative
569964888870793216,negative
569925362471211008,neutral
569630837538361344,negative
569432100652384256,negative
569764668366938112,negative
569159814426853376,negative
569978876861902848,negative
570284312697765888,positive
569153142526332930,negative
567875758053400576,positive
569934458364813313,neutral
568105844174397440,neutral
568761425029668864,neutral
568238725626355712,negative
569677636613439488,negative
567733978363621376,negative
570277221916647425,negative
569977806320476160,negative
568998609590419456,positive
569918449121673216,negative
567854566122864640,positive
569947151339429889,neutral
568240338164252672,positive
569757774395023360,negative
569259186711764992,neutral
568159336104636417,neutral
568789020890812416,negative
569777607371128834,positive
568199579201605632,negative
570123386925539329,negative
570019099268358144,negative
569622618195652608,positive
568619425886121985,positive
568847512372514816,neutral
568894256070287360,negative
570250617379168256,negative
569278644943757312,positive
569217012980805632,neutral
570000614794489856,negative
568560904469684224,neutral
568909200832618496,negative
568308149796474880,positive
570229842626478081,negative
568778893085290496,negative
569651021175267332,negative
567805230550634496,neutral
567865403101298688,positive
570211577087041536,neutral
568444017106690048,positive
567774229249421312,negative
569685165565308928,negative
569604083507556353,negative
567830303121870848,neutral
569895927273517056,negative
568602309703249921,negative
569934371488202752,positive
568910702070534144,neutral
570295405818335236,neutral
569907965223763970,positive
569913149505163264,negative
568409651466899457,neutral
567861975419457537,negative
570286882623369217,negative
568793782164062208,neutral
568935494375108608,negative
569864610016321536,negative
569621173811736576,positive
568030511530172416,neutral
569626655527981058,negative
568163426343784448,neutral
569672095753502720,neutral
569691533101780992,negative
569607124772196352,neutral
570000250225754114,neutral
570282469791911936,positive
569387614265954304,negative
569705563287896064,positive
568922138348019712,negative
569609923807440896,positive
569370900568502272,negative
568855090930429952,neutral
570072578540347393,neutral
567688411289755648,negative
568178422175948801,neutral
568611700674584576,neutral
569373375988150272,negative
567806843310907392,positive
568955169183903745,negative
567987484556013568,neutral
569645505950695424,positive
567725588937728000,positive
569608282442047488,negative
569640998491578369,negative
568796113081376768,negative
567758180068130816,positive
569621332863754240,negative
568585196699664384,negative
570090252544708608,neutral
569813808987787264,negative
569894012800217088,neutral
569938939122991104,neutral
569870007368331264,neutral
570123207824568320,negative
569906532277731328,negative
570225396404359168,neutral
569567144318365696,negative
569655141890170880,positive
569709246150893568,negative
569691389958553600,negative
569681831039074306,negative
568105765442945024,positive
568506752607498241,negative
569927263040315392,positive
569211529880576001,neutral
568917869762904066,negative
569748099616215040,negative
568996205910466560,negative
569337645878390784,negative
568191654986792960,positive
569522040547385344,negative
569471541554978817,negative
569207235953307648,negative
567809206314668033,positive
569199524629110784,negative
568178946585579520,negative
569587691626622976,neutral
568677317590937600,negative
568077199162658816,negative
569128289178152960,negative
569385784685363201,negative
568639359127150592,negative
569946477356818432,neutral
569716857869107200,negative
568883981371846656,negative
568174139531513856,neutral
568983296018751491,negative
569243017552375809,positive
570295795985080320,negative
568837638611992576,negative
569539746348675073,negative
569153841083625473,negative
570001194900426752,negative
569221440794271745,positive
569641336652967937,neutral
569689297084919808,neutral
569931677868273664,negative
569312396097003520,positive
569750857215922176,positive
570286925556424705,negative
567895584625020928,negative
567997819560333313,neutral
569936062039986176,negative
570270772746461186,negative
569226313220947969,negative
568364074427420672,negative
569944699877724160,positive
568826365878730753,negative
569723768773349376,negative
569483821080453121,negative
569379979055796224,negative
570253932880007168,negative
569260276626956288,neutral
568216602866376704,negative
568460100970668032,negative
569609971383586817,neutral
569842067544805376,positive
567766384378388480,negative
568862460519813120,neutral
568107310117212161,neutral
569275566077165568,neutral
568046797475553280,negative
569151206028931072,negative
570259131879309312,negative
569010309085536257,negative
569847920192655361,negative
570275450200711168,neutral
569956742122983424,negative
567766554600038402,neutral
567743200614289408,negative
568189372362674176,negative
569745801121009664,negative
568166268546748416,negative
568100987887427584,neutral
569916590814203904,neutral
568226026209341441,positive
569699171868938241,negative
570045585149063168,negative
570299182310944768,negative
570085644015419393,negative
569578439797313536,negative
569907773309214721,negative
570068449646346240,neutral
568947313676148737,negative
569664849522925569,negative
568162505597566976,negative
570085025896665088,neutral
569291509305970688,negative
568490860901478400,neutral
568818695562260481,negative
570037998773018624,negative
568604231026003968,negative
568588896218587137,neutral
567768830265401344,negative
569557763094917120,negative
568828335922356224,negative
568787831436345344,negative
569167514300784640,negative
567764858817773570,neutral
569757907048202240,negative
569896010010353664,negative
569176969872605184,negative
568139150710296577,neutral
568927730160549888,neutral
568426007583170560,neutral
568095956866093057,neutral
569818121302896640,negative
570263871526559745,negative
569075205106229248,negative
569184886424268800,negative
569899502355681280,negative
568132703738077185,neutral
570289080090689536,positive
569924355011932162,negative
570261289420898305,positive
568592520659267584,negative
568624528131125248,negative
568269372151734273,positive
570229936285331457,neutral
567745362727686145,negative
570309308937842688,negative
568177910101745666,negative
569262527281913857,positive
568258545772335104,neutral
568883598281076738,neutral
569630160233873411,neutral
567903480993558528,negative
568969143581413376,positive
569114772211437568,negative
569633166031511552,positive
568140628959358976,neutral
569911783596560384,negative
569481897203494914,negative
569460591644925952,negative
568625014037045248,negative
569649125525983233,negative
569280553574277120,neutral
569289254616076288,neutral
568829852721106944,negative
568868703762296832,positive
569632685318115329,negative
568385277514919937,negative
569718904131420161,negative
568615812594077696,negative
569784699117137920,negative
569646934031343619,negative
568270132956409857,neutral
568144831496593408,negative
569892361691463682,neutral
569556807703764992,positive
569237783715422208,negative
570047651875594240,neutral
570263827033432064,negative
568611300609118208,negative
568384147464568834,negative
569530195306258432,negative
569857128988602368,negative
569908067762094080,negative
567802662026014720,positive
568228746697814016,negative
569113910776881152,positive
569883558749335552,neutral
567873519356284928,neutral
570027321178099712,neutral
569392511732588544,negative
567843845247016960,positive
570083898031513600,neutral
568982505551851520,positive
568146952635854848,neutral
570291817087930369,neutral
569273297491378176,neutral
570217450874146818,negative
567728285174743041,negative
567760870630244352,negative
568041161652342784,negative
568181747357229057,negative
569640038302134273,positive
569243185832169472,negative
568951819969232896,negative
567753194546421760,positive
569853714149867521,negative
568432260912959488,neutral
568416602728890370,neutral
569206566035042305,negative
569264912695840768,positive
569638417505497088,negative
570078673090408448,negative
569191124373520384,negative
569239947061927938,positive
569590151657103360,neutral
567879331810246656,negative
568898634923843586,negative
568842944024875008,negative
569219656482824192,negative
570075711433609216,neutral
568167917004718080,negative
567808843373105152,negative
568839036007260162,negative
569846853350457344,negative
570036538488139776,positive
569652058518908928,negative
570116209263427584,negative
570204435663581184,positive
569190606276333568,negative
569677478077136897,negative
569974508435562496,negative
568838743030956032,positive
569701646445326336,neutral
568843160224452608,neutral
568815354388078593,negative
569278421743878144,positive
569643648910028801,negative
568786035053760512,negative
569937638674829313,negative
568882601261273089,negative
568849994167529472,positive
569313760864632832,neutral
567784566614540289,neutral
569670844047192064,neutral
568544467944407040,positive
569612999415111680,negative
569890309624082432,negative
569967632868188160,negative
568723674934722560,positive
570021599392329728,negative
569386397683073024,negative
568596833439760384,negative
569335779371003904,neutral
567830991491997696,negative
569527848131637248,neutral
569687291007881216,negative
569206183283843072,negative
569930403106172928,positive
568583737417605122,neutral
569506217271427072,negative
570078733735821313,negative
568081386520723456,negative
569241970662645762,negative
569858655086120961,negative
569646613183885312,negative
568815263900180480,positive
568108968867819520,neutral
568267340405542914,neutral
568818669024907264,negative
568215031608815617,positive
568018287302447104,negative
568735475847950336,positive
569638675170131968,negative
570012094570958850,positive
567966853068251136,negative
569221828025167872,negative
567744219281129473,neutral
567813976492417024,neutral
568499384704479233,neutral
569823770308939776,negative
567742141334437888,neutral
569699607707398146,negative
570040251764183040,negative
569974423903715328,negative
569970599377788928,negative
569870924410970112,neutral
568502021390786561,neutral
569652316816719873,negative
569233440463155201,neutral
568631189856264192,positive
568966330315091968,negative
567957027093245952,neutral
570120432453615617,negative
569945018527428608,neutral
569613284455948289,negative
568911225167474688,neutral
567728800864010242,negative
569623343424413697,negative
569650273091584000,neutral
568808318560550912,positive
567791865823789056,neutral
569859218058162176,negative
569313734566547456,neutral
569232221397065728,negative
568424725929701376,positive
568828574641328128,positive
568042869505654784,neutral
568895587900207104,neutral
570075456302649344,negative
569600599588630529,neutral
567735337246806016,negative
568539290344402944,negative
569729732952109056,negative
568121964444950529,positive
570292914686955520,neutral
569938090510454784,neutral
568382780251480064,negative
568935636318552064,positive
569329378061979648,negative
568990617394647040,negative
567881730490646528,positive
568148294087479296,neutral
568896751102533632,neutral
568138996112445440,negative
569935951868207104,neutral
569595595754639360,negative
569284604567228416,positive
569869960195006464,negative
568937604328108032,negative
568510632930050048,positive
569252020474896385,negative
567671602280923136,neutral
569169690997751808,negative
569850899310358531,neutral
570223806322581504,neutral
569343579899822081,neutral
568590782640164865,neutral
568004984937287680,negative
568925579933671424,neutral
568425564282998785,neutral
568183509577125888,negative
567754223362666496,negative
568178151173562368,negative
569723119415513088,neutral
570033429816999936,negative
569439829328408576,positive
570173090774294528,neutral
567738065595019265,negative
568073860911927296,negative
570051731033235456,neutral
569084344930676736,positive
567845382102859777,negative
569928540004753409,negative
568811771315814401,positive
568546414604750848,negative
569614422496444417,neutral
568622422309482496,positive
568486660410908674,negative
569574646229684224,negative
568244071770296320,neutral
568128399035772928,positive
568903773491306496,neutral
569975155964772352,negative
569611217301450752,neutral
569533202835984385,negative
568917936783491073,positive
568122064919527424,neutral
568818328132841472,negative
570300817074462722,negative
569245240336330752,negative
569629305023569922,negative
569908722778157056,negative
569857624549625856,negative
569252801802592256,positive
569680508088688641,negative
569662145886957568,negative
569930613962072064,negative
568106916897034241,neutral
569655420962238465,negative
569911555967442944,neutral
568778215671664640,negative
569974772551032832,negative
568656014481846272,negative
569645701291843584,negative
569927288751587328,negative
568900079962075137,neutral
570011341483843584,neutral
570188794730848256,neutral
568436061959028736,neutral
568424482764931072,positive
569667787829809152,negative
569332237138841600,positive
568057812322021376,neutral
569710853160710144,negative
569656884262793216,negative
568188639412400128,neutral
569596420761604096,negative
569978187465166848,positive
570219815941615616,negative
568502210268692480,negative
569721410542645248,negative
568064545568092160,positive
568496861797076992,negative
569328854948573187,positive
567912190788771840,neutral
569874150636048384,negative
569615753885970432,neutral
570001983408635904,neutral
570299819610251265,positive
570212842206580736,negative
569606966772940801,negative
569700953164615681,negative
568915699290284032,negative
569641125243301888,negative
569890099917246464,positive
569275249725870080,positive
569523635171405824,neutral
568095440517754881,neutral
568475010798637056,negative
570173181727674368,negative
570058565974675456,negative
568469155709624321,negative
567789435795861504,negative
569863229356310528,negative
567738031398866944,neutral
569467550100267008,negative
569998019694866432,neutral
569938880495026176,positive
568650058780041216,negative
570064381410734080,neutral
569666840370110465,negative
569408340616351744,negative
569648849494675456,neutral
569984437720453121,negative
567915852260978688,negative
568161102254616576,neutral
569213892980641792,neutral
569331021163814912,negative
570224015656284160,negative
569900147343265792,positive
567760693643214848,negative
568432405482229760,positive
568114097142652928,neutral
570205132094349312,positive
568058934428372992,positive
569922915472244736,neutral
569923825179054081,neutral
569962245620248576,positive
569591765793165312,negative
569893723091238912,negative
569837686367744000,negative
568159483786084352,negative
569129269139537920,negative
569621714046455808,negative
568781747128803328,positive
568946686896132096,negative
569731104070115329,positive
568204808122974209,negative
568460512553353216,neutral
570221178658418689,positive
567786151370629121,positive
569325005823217664,negative
567724266045837313,negative
570099762709581824,neutral
570213783085432832,negative
567715682918227970,negative
569612947833671680,positive
569786720562110464,negative
569554065606074368,neutral
569632024434057216,negative
568982915956277249,neutral
567885719894642688,negative
568871330495406080,positive
570249520736374785,negative
568836750598123521,positive
569626613664653312,neutral
569758106395254784,neutral
569941957490774016,positive
569614917826965504,neutral
570082564502728704,negative
568828648687591424,negative
568061166871846912,negative
569629100114989056,neutral
570179813845147648,neutral
568069549591035904,positive
569558096613380098,negative
568548764484542464,positive
568192024026996736,neutral
569945380198203392,neutral
569176746735632384,positive
568456085536935936,negative
568944928266412032,neutral
570234327071629312,negative
569849299850305536,neutral
569927442657386496,negative
570012047917907969,negative
568555022209847296,negative
569805215605456896,negative
568564799593820161,negative
570284308210032640,negative
569641346316640256,negative
568819285990215680,neutral
569620169971998721,negative
568280527305715712,neutral
568200934507057152,positive
569603357406576641,negative
568069616003629057,negative
569669516185063424,neutral
569172570932690947,negative
567946595481706496,positive
569883984190005248,neutral
568482785389899776,negative
570255256589766656,negative
569658322413965312,neutral
569616883734974464,positive
569950785859145728,negative
568874175693242369,negative
570251142942171136,positive
568190250377461760,neutral
569989007532142592,positive
568885556718907392,negative
569584744532287490,negative
567731794498174978,negative
570029442514333698,negative
569696862011133952,negative
568456567835619328,negative
570272172679282688,negative
568603024320434176,negative
570002971678756865,negative
569983030108024833,negative
567864523585118208,negative
570244388175130625,negative
567755542362591233,negative
569902181366820864,negative
569636551321194497,positive
569377149045444608,negative
569604665240895488,negative
568113981866446848,negative
567885982340636672,positive
568091960709230592,negative
568957173692108800,negative
568983464172584960,negative
569613523648532480,negative
569907019081228288,negative
567760060080599040,positive
569940889591795712,negative
569922730008518656,positive
570308513181904901,neutral
568571021554556929,negative
568923827788505088,negative
569813138910130176,neutral
569646309159927808,negative
568124226135130112,positive
568408759019524097,negative
569482497496473600,negative
568910590921609216,negative
570114021854212096,neutral
567800671572926464,negative
570069642976239616,neutral
569617556857851904,negative
569961977231106048,positive
569558153202774016,negative
569837569392967680,positive
569961302338072576,positive
569340341956038657,negative
568140722240512001,negative
570150741022617600,negative
567772219549478912,neutral
569506408145784832,positive
568074163270905856,positive
568567255291703298,positive
569719978993152000,negative
569174847374233600,negative
569894963665707010,negative
568884379600224258,positive
569631293429821440,negative
569312077954854913,negative
569529608862875648,neutral
567773933928476672,negative
569973337050341376,neutral
569676217432977408,negative
570307390752608257,neutral
569644637343711232,negative
569387765957308416,neutral
567734128011784192,negative
567907813126582272,negative
570146348613406720,negative
570118668551458816,negative
569204185318723584,positive
569664514142183424,negative
569650936911683586,negative
569342508553121795,negative
570011803389788160,neutral
569620494724366336,neutral
569643301332258817,negative
567776364351074304,negative
568918313239064576,neutral
569535507815903233,negative
570013535696232449,neutral
567726092518031360,neutral
567807333498355713,negative
569923934054805504,positive
568282478076669952,neutral
569664265218600960,negative
569957958634770432,negative
570122868039634944,negative
568617305757728768,negative
567798174946172928,negative
569689370988408832,negative
567803627714138112,positive
570004421352001536,negative
569898033128693760,negative
569884551712886785,negative
569867192445083648,negative
568847616404004864,neutral
570014685166219264,negative
567731738924032000,negative
568981498046623744,negative
568113601480757248,negative
567802378041450496,positive
569659556869120000,negative
568962582934978562,negative
569797465416683521,neutral
569986344484794369,negative
568052101504372737,positive
568930740127326209,negative
568405950958333952,negative
570066166930145280,neutral
570068435805310976,positive
569892141335334913,neutral
567869544049414145,neutral
569197350901714944,negative
568988406476189696,neutral
568850943359496192,negative
569181501830656000,neutral
568906726906335234,positive
569874311823036416,neutral
569980631548973057,neutral
569631041356320768,negative
569666885035409408,negative
569473231498964992,neutral
568463644503240704,positive
568995447768899584,positive
569874098035142656,negative
568890203923980288,neutral
569896666465087488,negative
568913508936458240,negative
567780392179351553,negative
569903268312125440,neutral
569692936880791552,negative
570099970742886400,negative
567894427244589056,positive
569901314026692611,neutral
568922616800657411,positive
568891505869344770,negative
570023321904943105,negative
568779311261622272,negative
568179117851578369,negative
568482925177651201,neutral
569470053348823040,negative
570092210466611200,neutral
570079536815034368,positive
570038564110467074,negative
570156777297350656,positive
568251373189349376,negative
569229142597771265,negative
569901265163034624,neutral
570307820962373632,negative
568463093568835584,neutral
569193887706812416,positive
568360334609612801,neutral
567848437992984576,neutral
568531781835571200,neutral
569538002025779200,neutral
567719031634157568,negative
567742857411166208,negative
569601658491002880,positive
569913899648098304,neutral
569180856423567361,neutral
569592981742878721,neutral
569500867159699456,negative
569647396940075008,neutral
569925538946551808,neutral
569692158287962112,positive
569937891788505088,neutral
569700277244141568,positive
569152740414218240,negative
569646280214847488,negative
567750136223518720,positive
570185687569469440,negative
569253874445492225,neutral
570226870119215104,positive
570279720937529345,positive
569666115477098496,negative
569342641571291136,neutral
569263177784905729,positive
567783187901915136,neutral
570249440176570368,positive
569581400850096128,negative
570254375081414656,negative
567731546661326848,negative
568894021688434690,neutral
569903377598914562,positive
567822548545859587,neutral
568473140654788609,negative
569677776384598017,negative
567702414157824000,negative
570189934096719873,negative
569693042040418304,negative
569523377842606080,negative
568437777647460352,positive
569643210785497088,negative
569890859526823936,negative
568231586585550848,negative
567733847132229632,positive
569694343776194560,neutral
567848171155496960,negative
569671659394699265,negative
569946012988669954,negative
569705786408079360,negative
570275384714862592,neutral
568882321119510528,positive
568616851531378688,positive
567773609939058688,negative
570249864841285632,negative
567918545046081537,positive
568110846057975808,neutral
568783658150191104,negative
570279653337927680,positive
568834558268973056,positive
570005561338503170,positive
567924953976152064,negative
570014406320517120,neutral
568077686507229184,neutral
568177098038349825,neutral
569175548632698881,negative
569682818306953216,negative
569649152696516608,neutral
569889440753172481,negative
568076919146557440,negative
569953672861388800,negative
568403649753448448,neutral
569885018358575104,neutral
568994755268513793,negative
569641785347059712,negative
570094120993054720,positive
570077997648064512,negative
569983149028962304,negative
569942616617447424,negative
567847163465764864,positive
569661069913821184,negative
567854782678982656,neutral
569956564993310720,negative
569767473525862400,positive
569868818975219712,negative
568401416982806528,positive
568801561377439744,positive
570056648137576449,negative
569342336158851074,neutral
569555930028748800,negative
570288445156941824,neutral
568100858954522625,negative
569951222515539968,neutral
569355332113309696,negative
569348995136376833,positive
569907031693520896,positive
568447131431931904,neutral
568625636639506433,negative
568606101412962304,negative
568526386249351168,neutral
567764411205439488,negative
569279586921353216,negative
569900620095856640,neutral
568447216156692480,negative
570101910402940928,positive
569551241967067136,negative
569947367203450880,neutral
568139299021041664,negative
569942011916259330,positive
569982742198251520,negative
568128387576762370,positive
568903193930764288,negative
570101746590093312,negative
569501080607813633,positive
568428263762214913,negative
569921842204565504,negative
569867364390449152,negative
570240764812378112,positive
568834834040164352,positive
569920508923215872,negative
569357127040540673,negative
567863082346627072,neutral
569920723038416897,negative
569874374741925889,negative
567849500536152064,negative
569261989735718914,negative
569170897606709250,negative
569841949185839104,negative
570121588487663616,positive
568284515728302080,negative
569659367001186304,neutral
569233434423353344,neutral
570226757380530176,negative
569675608969465856,negative
569556796525969409,negative
567972416846217216,negative
568854214136479744,negative
569706336268611584,negative
568165339290169344,negative
568413198518329344,positive
570228063625207808,negative
569451362687143936,negative
569958552493793280,negative
570267241046020096,positive
568170794670551040,negative
569651816197169153,negative
570001825358860289,negative
569699027782012930,negative
569434598825992192,negative
567857402340450305,negative
569338032572116992,neutral
569670559300239360,neutral
568457761366781952,neutral
568185516971204608,positive
568122371854307328,neutral
569314535103983617,negative
567770910107897856,negative
568879053496655872,neutral
569482685061554176,positive
569888646633017344,negative
567698031081160704,negative
570151698489954304,negative
569663687222542336,negative
568574249553637377,positive
569487598709817344,negative
568738229274464256,positive
568977696786673664,neutral
568178355452792832,positive
568062804697202688,negative
569678058199732225,negative
569591310589431808,negative
570215548589453313,neutral
569680242194980864,negative
567742937325260801,neutral
570094749933289473,negative
570267215720800256,neutral
568006084360863745,negative
570084122636365825,neutral
570273378403102720,negative
567772246060433408,negative
569072664997801984,negative
569626297116176384,negative
569913339427434496,neutral
570266871586553856,neutral
568800184345468929,neutral
567812841081688064,negative
569244701875769345,neutral
569228110937202688,neutral
569911344658386944,negative
569888244856455168,negative
568170840174538752,positive
569835167944019968,negative
568174745293709313,neutral
570290421336813568,positive
569892297329913856,positive
568624487031132162,negative
569843749230133248,neutral
568825463918833664,negative
567734790108225536,negative
569686401735745536,negative
569222108200476672,positive
569305802487439360,neutral
569552552297041920,negative
570123872168574976,negative
569276518305820672,positive
570082960700870656,positive
568846033997803520,neutral
568104397869350912,positive
568104744025268224,negative
570263732099649537,neutral
568303606710956032,neutral
569134299024367616,negative
569952664445808640,neutral
570288981847502850,negative
568807947423375360,negative
569724245963444224,negative
567768878613536769,negative
567754165904887810,negative
569727383797829632,positive
567734329212940288,positive
569660698231308290,neutral
569655861297049600,negative
570246108699627521,positive
568800998929661953,positive
567746544536145921,positive
569129625592274944,negative
570025428095770624,negative
569977974176378880,negative
569600985007558656,neutral
568454304488673280,negative
567757897841385473,positive
569644634386911232,negative
570098324172206080,positive
569881062169567232,negative
569273785553178624,negative
569602278988120064,negative
569257932908470273,negative
569364648576872448,positive
568358096290111489,positive
568920314073260032,negative
569668051764969474,neutral
569615983205347329,positive
569624713414250496,negative
567886093749604353,negative
568458157703499776,negative
569604453462110208,negative
568020304510869504,positive
568797800743313408,neutral
569308292893290496,negative
569275554110664705,negative
568239978276360192,negative
568172170569887744,neutral
569943774253621248,negative
567903883047088128,negative
569620432204267520,negative
570270728051765248,negative
569654735592140800,negative
568193347216474112,negative
568878319074029568,negative
569673346864037888,positive
569644335014092800,negative
568059091848962048,negative
569646886610702337,negative
569742876793372672,negative
569668488408616960,negative
569878685723049985,neutral
569681251734409216,neutral
568013199599120384,neutral
570286565894828032,negative
569258009320419330,negative
569514750842789888,negative
569146084632760320,neutral
567770621451702273,neutral
569649508113625089,negative
570276196405125120,negative
568262481698803712,neutral
569976131748823040,negative
569959393917149189,negative
569397984519016448,negative
568185323668291584,neutral
569639640170254336,negative
569565822571679745,negative
569338492515278848,negative
570302460235026433,neutral
567768417038761987,neutral
569989340052344832,negative
568623037962039297,neutral
568427056221933568,neutral
568463331251634176,positive
568434004732416001,positive
570247763704868864,negative
570017101097934849,negative
569136050951622656,positive
570295576446808065,negative
569698811708370944,negative
567860313883693056,negative
569242387878428672,negative
569526583473483776,negative
569599713499963394,negative
569655012915322880,neutral
568895842293309440,positive
569651165396373504,negative
569172065724428288,negative
569188967180058625,negative
569634318349246464,negative
567768156111126528,neutral
569727743450984448,negative
569589079710380032,negative
569899102198206464,negative
569972422130032640,negative
569666606424420352,negative
568884848632279041,negative
568914672826474496,neutral
569705870830874625,negative
569577696793006080,negative
567905267033055233,neutral
567768306799882241,positive
568062811856703489,negative
570296212336865283,neutral
570265811623002112,negative
568829196962828289,negative
567770698111852544,negative
568203785996263424,neutral
569355923396780032,negative
568085082746933248,neutral
568094581041934336,neutral
568890960358166528,positive
568086667258679296,positive
568081558625759233,negative
569713993532600321,positive
568827397103099904,negative
567799259224940544,negative
570236138603950080,negative
568207527067783168,neutral
569667313609404416,neutral
568845879307735040,negative
568951922734055424,negative
568576245027336193,negative
569926559982751744,neutral
570195036782133248,positive
569948710370717696,neutral
569864689452077058,neutral
569671468369338368,negative
567791389011910656,negative
570045153295011841,neutral
570027259999821824,neutral
569958935907733504,negative
568788849440063489,negative
568644931792687104,negative
568483773467262976,positive
569368056855552001,negative
569608866138173440,positive
568115014139162625,negative
570083989601411072,neutral
567857135066963968,positive
568451244009742336,negative
569689324595376128,negative
567855640640516096,positive
568928605226426370,neutral
569207193377107968,negative
567845089508233217,neutral
568250452057427970,negative
569686237478572032,negative
570227917877354497,positive
569604805116563457,neutral
568543965026390016,neutral
568720333634609153,negative
570207886493782019,positive
568458513636134913,negative
570298036938772483,neutral
569283511192051712,negative
569188394716278786,negative
569820619682009088,neutral
569597328522387456,neutral
568932129872039936,neutral
567819066708226048,neutral
568156002941415425,negative
569665295381614594,negative
569984785860464640,negative
568925709189705728,negative
569612307363266560,negative
569663371353546752,negative
568561033641480192,positive
569341641200439296,neutral
569715563385085952,positive
567748407070953472,neutral
569957170369814528,negative
569521778797744128,positive
570306250442985473,negative
568187636449472513,negative
569981679806365697,positive
569693838329180160,negative
568218884060241920,negative
569889964445470721,negative
569714842405249024,neutral
570015373447159808,negative
570100824703143936,negative
570060272049778688,neutral
568611514711552000,negative
569161748286083073,neutral
568068513224654848,neutral
569675481857064960,neutral
569968799576924160,negative
567730704055037953,negative
568382290352590848,positive
569696663742365696,positive
568116534855503872,positive
568504198385373184,negative
569938470589718528,neutral
569637593278779392,negative
568944096687075329,negative
570290730796777473,negative
569960248548593665,negative
569621351650209792,negative
567773445195583488,positive
568144894964994048,neutral
569944807830736896,negative
570042700835082240,negative
568025019068108800,negative
567895874598215680,neutral
570034833633767424,positive
567863121479536641,neutral
569957240960094209,neutral
570226164146397184,neutral
569225085330071554,negative
568148149610483712,negative
568488247514554369,negative
568625749214642176,negative
568412747324485632,negative
568646628795666432,neutral
569864778702671874,negative
568967313598386176,neutral
568490726419517441,negative
568213769798578176,negative
567730696656273408,positive
569844782702338048,negative
569566514132717568,negative
568462177415372801,neutral
568929979981033472,positive
568655789247762432,negative
569954670006763520,negative
570105665093369856,positive
567727599627943936,negative
569696666611261440,negative
570205604314255360,negative
567789001374183424,neutral
569944956132990976,positive
568636973964898305,negative
567931026686767104,negative
570096856685871106,positive
570072153607049218,negative
569328755409326080,negative
567788341538861056,negative
568527517910319104,positive
569635389289459712,negative
569936893325897728,negative
569297324285022209,negative
568429136584286209,neutral
569544730184261632,negative
569437674257276930,negative
569993952469880832,neutral
568184134666981376,neutral
569495604944089088,positive
567863933018640384,neutral
568828957002493953,positive
570265397058002944,negative
569607287867883520,negative
568603081274986496,negative
568124227641065472,neutral
568538553862340608,negative
569601363799359488,negative
568493225788510209,neutral
568793575300796417,neutral
568548205421563906,positive
569596097540132864,negative
570247474465677312,negative
569945073611374592,negative
570260984704700417,positive
568054666216509441,negative
570216815105847296,neutral
570267066919313408,negative
568673970251116544,neutral
569942703494070272,neutral
569838589879685120,positive
568205359208230912,neutral
567790133224681472,neutral
569191875271372801,negative
567812687893262336,positive
569706754025660417,negative
568149912665198592,positive
569610893052518400,negative
567727490567639041,neutral
570070449406812160,negative
568904684561408000,neutral
569009316490911745,negative
569944355261304833,negative
570295174385016832,negative
569868115481395201,neutral
569952340612149250,neutral
568810700828741633,neutral
569879528891416577,positive
568057887223894016,neutral
570259502685151232,positive
568904804451409920,positive
569303931916038144,negative
569976030708047872,positive
569120836264853505,negative
569256107186782209,negative
569926859699437568,positive
569196231546830848,neutral
569971216934526976,negative
570232477618442241,positive
568631243228762112,negative
568188595456118785,positive
569287318898495490,negative
569514001450672128,positive
569134718396051456,positive
569514047554453504,positive
570164810144481280,positive
570205917024628736,positive
569762394169221121,neutral
569960497312768000,neutral
570249083790733312,negative
570290220589027328,negative
568942133698146306,neutral
570086501222096896,negative
569314734752854017,negative
567864588521381888,negative
570284482588246016,neutral
570043591927537664,negative
569709058636320768,negative
569711923148689408,neutral
569229135752642560,negative
570270630660218881,neutral
567888186967470080,negative
569559311095095296,negative
570032949992800256,negative
568840247657820160,neutral
569724056645140480,negative
569724186173640705,negative
569223788639821824,negative
569125454684278785,neutral
570067529206358016,negative
569599260288819201,negative
570084871101661184,negative
569708886518849536,negative
570072252026376192,neutral
569457108355289088,negative
570088573598355456,positive
568968059517411329,negative
569641326536462336,negative
568972562819997696,positive
569596652622721024,negative
568104264733573122,neutral
569277733416513536,negative
569540405676654592,negative
568915536844759040,negative
569856874604048385,positive
569483642931691520,negative
569242425530712064,negative
569588348593025024,positive
570206113783795713,negative
569168696083656705,neutral
569117696610185217,negative
569143186439991296,negative
570261225520689152,negative
567734573464027136,positive
568577243200376833,positive
568786817404817408,negative
569629215869382656,neutral
569566232803803136,negative
569735732060753921,negative
570156989541687296,neutral
569639972615135232,neutral
569941050002972672,negative
569983093341347842,negative
569614361574158336,negative
567764953289875456,positive
568206538147364864,negative
569620438734807042,neutral
569946921265184768,negative
568253469129187328,neutral
568550726311346177,neutral
569577959440257025,neutral
567880908528832513,positive
568564485457252352,negative
567767251383808000,negative
568465174702772226,negative
569596364197199873,negative
569856492477657088,negative
569976092359917568,neutral
568228761566642176,positive
568470266793340929,neutral
569785074910154752,neutral
570158980611350528,neutral
570245555064074240,negative
569204038811717632,negative
569209958627016706,negative
569183862493810690,neutral
569664087740715008,negative
568597262378655744,negative
569873664612704256,positive
568809617087696897,negative
570302532955844608,positive
568531020267458561,positive
569116399039344640,neutral
569195472650268672,negative
567856486950576128,negative
569966909019398144,negative
569228668918222849,neutral
569692618797355009,neutral
570232726206312448,neutral
568947922731028480,negative
568132209330098177,negative
568533372709908480,positive
567873467401371648,neutral
570121321192894464,neutral
569007852607680512,negative
569306524155310080,positive
570287886135918593,neutral
568455524599132160,neutral
570202160564203520,neutral
570212050548461568,negative
569944996616351746,negative
569724281334034432,negative
568078149231067136,neutral
569668536966053888,negative
567829997668470785,neutral
570261981569159169,neutral
569911528368926720,negative
569908628141920256,negative
567874970463780864,positive
570213186139525120,positive
569589955837628416,negative
570214946815868929,negative
569480594419281920,negative
569495331399995392,neutral
569856784086777856,neutral
569940740454936576,positive
568779480019251201,negative
569669062206332929,negative
568156672365092864,neutral
569266206596734976,neutral
569892024708689920,neutral
568737248931397632,negative
569475306018353152,neutral
568932061882552320,negative
569621883282280448,positive
569927042931814400,negative
569334462292434944,neutral
570187940221071360,positive
569564853460807680,neutral
568198843034169344,neutral
569507834930442241,negative
568126461477068800,negative
570240896387710976,negative
568165260605014016,positive
570205370649604096,negative
570057520162721792,negative
568466550337875969,negative
568906811308257280,positive
569692064511692801,negative
570271730729689088,negative
569892876642955264,neutral
568548629432004609,negative
570274371685777409,positive
568145883679875072,negative
569924375723560961,neutral
568847612503334912,neutral
570001092206923776,negative
569135312175280128,negative
569961117235191809,neutral
569873065464573952,positive
568779615323299840,positive
568888623787089920,neutral
568373623737556992,neutral
568868515857321985,positive
569186566247051265,negative
569567252363812864,negative
568964227366387713,positive
570218532060835840,negative
569033300662218752,neutral
569524522291892226,negative
568973797262372866,negative
569697298768203776,negative
569653752279531521,negative
569525480178769920,negative
569961398551379968,negative
570044019897556994,negative
568953367646625792,positive
570142278729076736,negative
567728860629057537,negative
569658168097292288,negative
569228412159721473,negative
569850083140882432,negative
569235155061227520,negative
569871364603031553,negative
569633484333051904,negative
570285320085880832,negative
569611735696580611,neutral
569254216415481856,negative
567848843372601346,negative
568802906280845312,neutral
569298165855338497,positive
568100712309256192,positive
570285537833168896,negative
568063182230724608,neutral
569158261301227520,negative
567772765756080128,negative
569996776436068354,neutral
569397314240049152,negative
569939611650166785,positive
567799968279560194,negative
567810661372424193,negative
569714541178679296,neutral
570285465145876480,negative
569343882389016577,negative
568929608566837249,positive
569267891721375745,negative
570088310334484480,negative
569108027644645376,neutral
567884863031762945,positive
570101777934086146,positive
568865640569806848,negative
570263448828780547,positive
568611364803096577,positive
569622389920641024,negative
568435750485819392,negative
569591393540288512,negative
568932482323623937,negative
568029718173356033,negative
567935527481188352,neutral
569418497694035969,negative
568868944557133825,negative
569338341306572800,neutral
568560914779078656,positive
570009856851222529,negative
569374298168791040,negative
567804646157475840,negative
568829494556897280,negative
568906503358259200,neutral
568116088631791616,neutral
570130746356211713,negative
568115075266973696,positive
567791526370365440,negative
570201440704028672,negative
568801542322548737,neutral
569144056305074176,neutral
569387211025727488,negative
567832640289579008,positive
568116768868159488,neutral
568825563126865922,neutral
568061283200839681,negative
569372422509453313,negative
569938119060955136,negative
570020023630057472,neutral
569504928810414080,negative
569025555343007744,neutral
568769672922812418,negative
569587663692554242,negative
569822277145133056,positive
570199572435185664,neutral
569571492947742720,negative
567742578561650688,positive
570174794425098241,positive
569182050219126785,negative
569504786879528962,negative
569973278699352064,neutral
569844044693577728,neutral
567899010045988865,negative
570258476695302144,positive
569928277613256704,negative
570190092213465089,negative
568654208674586624,negative
569654471342600193,negative
568606238428270594,negative
569716908787933184,negative
569243889011281920,negative
569316342769291264,negative
568639207846989824,negative
570252986372329472,negative
568875674552807425,neutral
568804416662454272,negative
568237654606680064,positive
568599227342852096,neutral
569345829653254145,negative
568856846523502594,negative
569948966873370625,neutral
568910220644237312,negative
569729657248985089,negative
569686415665025024,negative
569631775766368256,neutral
569647318535786496,negative
569922639185072129,negative
569339181136113664,negative
570041376005443585,negative
569988987420434432,negative
570085625061384192,negative
569608734332162048,negative
567927503718731777,negative
569908792776892416,neutral
568173938292985858,positive
569235727558447105,negative
568365652597014528,neutral
570257336465387521,negative
568115571788808192,neutral
568614750508036096,negative
570257719334187008,neutral
570009886198796288,neutral
569668883147137024,neutral
568589127290998784,positive
567818690096541696,neutral
569970225443172353,negative
569641915114659840,negative
568057232392380416,negative
570010882069151744,positive
569932197735604224,positive
567761568889581569,negative
569438763115536384,neutral
569895187746418688,positive
568644388001337344,neutral
570059530567962624,negative
570245603118211072,negative
570247839563034624,neutral
568529886920335360,neutral
569623248205430785,negative
569303779822190593,neutral
568785762218610690,negative
568612163578773504,neutral
569263496560422912,positive
569678154152828928,negative
569172176214962176,neutral
568582726875516929,positive
569855409567207424,negative
569949588527775744,neutral
569683558081687552,negative
568156758025187329,positive
567881459161260032,negative
569987622484848640,positive
569625739231948800,positive
568929851379478529,negative
569843359029850112,negative
569346870423769088,neutral
569257918815539200,negative
569639294152806400,negative
570085837821632512,neutral
568532221180534784,negative
570256052966395906,neutral
569676138253049859,positive
569641693726842880,neutral
570254721140850689,positive
569168515674058752,negative
569975287364001792,negative
568801535662166016,neutral
569986794797842433,negative
569685606202093570,negative
568435434964938752,neutral
568179392293281792,neutral
569748289945362435,negative
569922853266694145,negative
568505918540750848,negative
569921747195076608,negative
570299953286942721,positive
569309864759050240,negative
567919531068391425,positive
570282333892251648,neutral
569516377524076544,negative
569911816937033728,negative
568855468975759360,negative
569204272795004928,negative
567787240399851520,neutral
569444898660691968,positive
570050268588597248,neutral
569418351295926273,negative
569863194929471488,negative
568544549536198656,neutral
569790297875599361,negative
569411383265075203,negative
569935531213086721,negative
569719964023853056,negative
569600757516914688,positive
567754136255725568,negative
568514213921947648,neutral
568650000227565568,positive
570049743549833216,neutral
567758009607421952,negative
569679210454724609,positive
570105441688158208,negative
569285269981167616,negative
569682747712770048,negative
568875453773168640,neutral
568764097015058432,negative
568715209944244224,negative
568238379847921665,positive
569845865185206273,negative
567802649526976512,neutral
569651277916999680,negative
568084948948684800,positive
570198775203016704,negative
569344598482546690,negative
569533159475277825,negative
568153151636766721,negative
569710389757419520,negative
569336246474022912,neutral
569895344458170368,neutral
569715233549369344,negative
569586743831191552,positive
570230527032229889,neutral
570058295689523200,negative
569312530620817408,negative
568814251311288320,neutral
569203010410119168,positive
569923163259318274,negative
568466895554408448,negative
570095696491241472,positive
568823775745028096,negative
569075196117839872,neutral
569755876401274880,neutral
569428333500375040,negative
569195394065952768,negative
569592390211801089,negative
569436595746684929,negative
568903479722246144,negative
568183277774868480,positive
569527721916796929,negative
567953560362733568,negative
568943601306210305,negative
567818961716387840,negative
568061922265804802,neutral
569974668406296577,negative
567847966989508608,negative
569682277111889920,negative
569520477351383040,negative
568632557836865536,positive
569318991224803328,neutral
569361961487478785,negative
569912608901373952,negative
568240100934426624,negative
569931787398303744,positive
569247724496822272,negative
567812370690605056,negative
569007103542587392,negative
569880215079428096,negative
570056533356224512,negative
568790903776636928,negative
569262702301876224,negative
569596502558920707,negative
567728698900488192,neutral
569615109363929088,negative
568088967419023360,negative
569659952681361408,negative
568481989776564224,negative
570202097041305600,negative
569922451913777152,neutral
568406048777900032,positive
570274148364242947,positive
568425343452721152,neutral
569395278731747329,negative
569923360982900737,negative
570046710870728704,positive
568637273945866240,negative
568207908057567232,neutral
570187080426397696,negative
569229056362876928,negative
569926412234326016,neutral
567808067237326848,negative
569017631602139137,negative
568962811772030976,negative
568970172062691328,negative
570027786053636096,negative
569895498527727617,negative
568555130624217089,negative
569366968446246912,negative
567884646270267392,positive
568084860008570881,positive
569642526065471488,neutral
569171003852468224,positive
570057784114302977,negative
568085705479618560,negative
568361346464497664,neutral
568055631065653250,neutral
569652313813430273,negative
569908990118723584,negative
569529242893090816,negative
567866673325285376,negative
568226940139782144,negative
569942482668167168,negative
569638470538301442,neutral
569935918225711105,negative
569140362025050112,negative
568627477259485185,positive
570293289045364736,positive
569668704524308480,neutral
568608982321012736,negative
569666226974294016,negative
568075934609346560,neutral
567810209088847873,positive
568427853265571840,neutral
569691648579338240,negative
568017135236022273,negative
569338724787593216,negative
567724950556258304,negative
567892508987908096,negative
569387570364198913,negative
568037880859222016,positive
569292859909672960,positive
569602057285574656,neutral
570257258275164160,negative
569175278255284224,neutral
569938559836299264,neutral
569385496675295232,negative
568900531696984064,neutral
568088090620919808,negative
568237879337422848,positive
568782761852596225,neutral
567588278875213824,neutral
567918931148685312,negative
570276018751016960,negative
568587821264609280,negative
569836305066041344,negative
570231607757381632,negative
570050881879568384,negative
567739785406873601,positive
568764059732058112,negative
567933117610074113,negative
569638479157723136,neutral
568833739192557569,neutral
569369390178799616,negative
567781176375803905,negative
569206447608877056,negative
569367983065137152,neutral
570062210640322560,neutral
567754593434873857,negative
569710119216422912,negative
569697646501363713,negative
568629979719675904,positive
568540062306181120,negative
568828064152424448,negative
569747706047934464,positive
570045393565691904,positive
567875729045590017,negative
569343781092401152,negative
567792433687175168,negative
568084167390564353,negative
569628053648904195,negative
568550060461408257,negative
569705524138090496,negative
568425317028610049,positive
568251315220041728,negative
568825730718666754,negative
569953411988369408,positive
569596515510956032,negative
567936625453318144,negative
569597220871282690,negative
567803306928775168,negative
569817130801221632,negative
569673275183386625,negative
570229176621510659,negative
567801343861092352,positive
569271561481531392,neutral
569623156337586177,negative
569154652735803392,negative
568155246616121344,positive
569777772115193856,positive
567748089805799425,negative
567810786576576512,neutral
567869273109958656,neutral
568152863962238976,positive
569916731595972608,negative
569697728890056704,positive
569704108095111168,negative
568565044994158592,negative
569623364337168384,positive
570303683872886784,neutral
569524284873424896,positive
568964635103076354,neutral
570212246053220352,neutral
570053482029277184,neutral
570264159687806976,neutral
569273176775114752,neutral
569152201278525440,negative
568094342302322688,positive
568011935347838977,neutral
568706442850660352,negative
570232671353376769,negative
568216890918637568,negative
568663147189415936,neutral
568583014176960513,negative
570296754832318465,neutral
569711632991047680,negative
569975032127967232,negative
569860082965426176,negative
569697234574581760,negative
569935135132426240,negative
569648713980715010,negative
569625606536732672,neutral
569616283706077184,negative
567816909816635392,positive
569609680961572866,negative
569661154638872576,negative
569838834810093568,negative
570053168349851648,negative
568266994069295105,neutral
568170198433460224,negative
568443742610305024,neutral
568549060103135232,positive
567775776582672384,positive
569701210120450049,negative
568576810474201088,positive
567824276414558208,negative
568169379613032448,neutral
568109390026448896,neutral
569989321698074624,negative
567717552290136065,negative
570291219919736832,neutral
569119503516246016,negative
568625959835815936,neutral
570250252382416896,neutral
568220464071356416,neutral
569599532268449792,negative
569374560505737216,negative
568490310524936192,negative
568106783241211904,negative
569658503570296832,neutral
569538703732772864,negative
569154879484235776,negative
568178665189711872,negative
569608733321498627,positive
569919625640615936,negative
569585203666161664,negative
569854995958509568,negative
568781450146787328,neutral
569872009380941825,negative
569015669347319808,negative
569969062228439040,negative
568560083103137793,negative
570073705507725313,negative
569296792426295297,positive
568570905690898432,negative
568888508703752194,neutral
569717739113320448,negative
569608831816351745,negative
569672091550658560,negative
568538790244909056,positive
569672099704508416,negative
570092218058346496,neutral
569674104913014784,negative
568761600359993344,negative
567759874403344384,negative
569262534232039427,negative
568433610765815808,negative
569651085348110336,negative
568076556997775360,neutral
568883988338581504,negative
568834851517771776,negative
570284725740285952,neutral
569586471570534400,negative
569664330163200000,neutral
569740316577632256,negative
569487167191425024,negative
569428644432617473,negative
569543457452064768,neutral
569343070849740801,negative
569967897600139264,neutral
568829652233428992,neutral
569911501626028032,negative
568804625257791488,negative
569910774556004352,negative
567983341405745152,negative
568850600261226496,negative
570099716379316224,neutral
570275153860386816,negative
569656230769262592,positive
569212457706782720,neutral
570099717314457600,negative
569507197052260354,neutral
568951377231114240,neutral
569851241922207746,negative
568193116437483520,neutral
570300767074181121,negative
567917894144770049,negative
568440682584477696,negative
570001064424026112,positive
568091623986319360,positive
569258013950808064,positive
569846356409339906,positive
570215492838920193,neutral
569673431224074240,negative
569724119748636672,negative
568569662717313024,positive
567781477761314816,negative
568052677881565185,neutral
570297070998974464,positive
569954199821275136,negative
569438126806052864,negative
570101666571288576,neutral
569573704902049793,neutral
568958770849705984,negative
569909945514233857,neutral
570290034009636865,negative
570276917301137409,negative
569938487920566272,negative
569633482915209216,negative
570219228181041153,negative
569888280793063424,positive
569343970360348672,negative
567749848074813442,neutral
569529412196167682,negative
569361107745263617,negative
569929653730840577,negative
568568690381168640,neutral
568380302114086912,negative
569519571314589696,positive
569625953602834433,negative
570075916430397440,negative
570180703746461696,negative
569485882941509632,negative
569005718365298689,neutral
570067865946234883,negative
568142922031501312,negative
568885007646740480,neutral
569757790626906112,positive
568938023439765504,negative
569675178227081216,negative
568219452929662976,positive
568578057293807616,neutral
569824790200111104,neutral
570264481772777472,negative
567841954484068353,negative
568220169803325440,negative
569940980809342976,negative
569579153604743171,negative
568058084846911488,negative
567807786748284928,negative
569966215621246976,negative
569173103009525760,positive
568108322924191744,neutral
568214541852495872,neutral
569964335038124033,negative
568562765654159361,negative
569965774498095105,neutral
568949545972961280,negative
569628172842479616,neutral
568236511524745216,negative
569226248393662464,neutral
568954934084788224,positive
568228614275260416,negative
568902492118888448,negative
569258934864781312,neutral
570268558451720193,negative
569987511830904832,positive
569219701001179138,neutral
569606901325017090,negative
569762365572558848,negative
570309145276125185,positive
568123010638483456,negative
568411980542775296,positive
569706793531629570,negative
570057993770831872,negative
568967580595064832,negative
569669059941261312,negative
568553014786547712,neutral
568471227418832896,neutral
568904934495629312,negative
569394015055040512,positive
568775265406611456,negative
569344914485583872,neutral
569718410944188417,negative
568437120966258688,positive
570012549631975424,negative
570027031326535680,neutral
569984789798899712,positive
570041112624295936,positive
568833691306369025,neutral
570006768681492481,negative
567907935331971072,negative
569746687805095936,negative
568101162672500736,neutral
568725453831315456,negative
570030165788459010,negative
569223781593403392,negative
568908748732760064,positive
568191101087019008,neutral
568082658741215235,negative
569079956912758784,neutral
569526800767983616,negative
569647615194898432,negative
569490499377061888,negative
568929490929377281,negative
569667805643034624,neutral
569741306190172161,negative
567906248852533248,positive
568492653987418112,neutral
569715802703859712,negative
569633323997212672,negative
568137238267047936,positive
570235698608869376,neutral
568850967673896960,positive
569165128366755840,positive
568032524749942784,negative
569630959718551552,negative
570265542025719808,neutral
568883108377808896,neutral
568881357583097857,negative
569880100218544128,negative
568817350864023552,negative
569653219229630464,negative
568637034761302017,neutral
569363796113764352,neutral
569543012914565126,neutral
570192105752039427,neutral
569238252676378627,positive
568821349688471552,positive
570280225625362432,neutral
567731944151322626,negative
569989178651508737,negative
567893822585327616,negative
569263908973903872,negative
570028083606122497,positive
569882442129133568,negative
568083999761010689,positive
569684820604817408,positive
569349274049368064,negative
569687410969321472,negative
569873418075672576,negative
569076717689524224,negative
569688749208178688,negative
568541043106435072,neutral
568636474637357056,negative
569652510794887168,negative
569107706302357504,negative
569516908195815425,positive
567729135733465088,negative
567767997981671424,negative
568817894030741504,negative
568590189582536704,negative
567780486978609152,positive
569970977368645632,neutral
569844379176853504,negative
569616934225846273,negative
570017568964132865,neutral
568031706944540672,negative
569724257879502848,negative
568609263485984768,negative
569690664029462529,negative
570297414848000000,neutral
569275580543320064,negative
570264011574415360,positive
569665202616020992,negative
570293527982301184,positive
569598171082596352,negative
569896616322334720,negative
568649837610037248,negative
569960080734490624,negative
567815174045868032,positive
569698117685268481,positive
568736451237707776,positive
569459455273897984,negative
569152332765667328,neutral
568182492055912449,neutral
569671871634935809,negative
568086184888561664,negative
567810683485753344,positive
569780060523261952,negative
570267592478191617,neutral
567918161540046848,positive
569721721944735744,negative
569857805483675648,negative
570132410588917760,positive
567726949049454592,negative
569251925482475520,negative
570201347414462464,neutral
568107816923340800,neutral
569402506792407041,negative
569208236487745536,negative
569968197224439809,negative
569604400479649792,negative
568462805235597312,neutral
569555929798217730,negative
567921825948250112,negative
570291828349669378,neutral
567821242029359104,neutral
568057226776219648,negative
568152968257613824,positive
570267535515324417,positive
569606374591746050,negative
567771635139502080,negative
569863166189924352,positive
567793696956231680,negative
568819406207356928,negative
569667821455708160,positive
570224927602839552,negative
567614049425555457,neutral
569684298107740160,negative
569310202174025729,negative
569919092540510208,positive
569672003403313154,neutral
570084632999428096,negative
570024174162485251,negative
569663725172436992,negative
569754550187352064,negative
569881463233097728,neutral
569627069463842816,negative
569869884164714498,negative
568081068278075394,neutral
567761790357209088,negative
568090890549374976,positive
570222626712514560,positive
570239998383038464,neutral
568531076915662848,positive
568527292135133184,negative
569843082994315264,positive
567845953245413376,positive
570001706676842497,neutral
570169851156701185,negative
569931705022164992,negative
568803013487276033,neutral
569689826221363201,negative
567817455234715649,neutral
568064842466250752,negative
567897643873148928,negative
567765893355417601,negative
568535677027028992,positive
569939532096925697,neutral
570201233220198400,positive
569697662494121984,positive
570021054015541248,neutral
569330095644659712,positive
569961481455976449,negative
568770352635121664,negative
569487075797565440,negative
569332773326090240,negative
567851359178989568,negative
569933777931145216,negative
568850938796118016,negative
569474230854660097,negative
568216286561374208,negative
568583414519083010,negative
570063224328081408,negative
569149358802759680,negative
569667324879511552,neutral
570086434410930176,negative
568786811381616641,neutral
569468823625027586,neutral
569934048346251264,neutral
569528409723969537,negative
569525150263214080,negative
570269280748441601,negative
570260383862108160,negative
569700499319959553,negative
569348268154609664,positive
568496664677363712,neutral
569968282532315136,negative
569880599764140033,neutral
569670402223562752,neutral
569850239789568000,neutral
568098115988918273,negative
568558050635747328,negative
570239952975482881,negative
569666428388958209,neutral
569318505755103232,negative
570237238631669763,negative
569662789377064960,neutral
569602974671990784,negative
569244202225307648,neutral
568489967808327682,negative
570283453750489088,negative
569686267354599426,positive
568232942612447232,positive
568480476803035137,negative
569893140066213888,negative
570077431484121088,neutral
569678562136956928,neutral
569162276403609600,positive
570085165378068480,negative
568422177571258368,negative
568136286109888512,negative
570137359787827201,negative
569507677501595649,neutral
568194265022648320,negative
568112842261594112,positive
569249704543965184,positive
569769643864408064,negative
570203037823836160,negative
568031723004555264,negative
569633257689518081,negative
570032010145607680,neutral
569367682811715585,negative
569688335788036096,negative
570128847439417344,neutral
567826761141985280,positive
570160153493774337,negative
568225650760413184,neutral
569967965346664448,neutral
570014474993688576,negative
568537606503280640,neutral
570006737190854656,negative
568787046778720256,neutral
569377633894445056,negative
567844852135645186,neutral
569161583718473728,negative
569910943720669184,negative
567845165781532672,negative
567777625344593920,positive
569952984257294336,negative
569559370104639488,negative
568278231973044225,positive
569895082402295810,negative
569654709964836865,negative
568591059602829314,positive
569219080080658432,neutral
569657763069952001,neutral
569555072067051520,negative
568963705439789056,neutral
568056298937430016,negative
569520929128251392,negative
569305705750114305,negative
569884616649269248,negative
569875456415170560,neutral
569017194564096000,negative
569995961570856960,negative
568480213123919874,negative
569969267589947394,negative
567813839539159040,negative
569839419211034624,negative
567831351195484160,negative
569617808885096448,negative
569667019693359104,neutral
568047650945298432,negative
569928989231353857,positive
567899319157669888,neutral
568101606585020416,positive
569671332092252160,negative
569722436935151616,negative
567592368451248130,negative
568449164951953408,positive
568115829616861184,neutral
569239293429833728,negative
569638585571221504,negative
569973352837853184,neutral
568523834980057088,neutral
569620017840398337,negative
568917054004334592,negative
568211991757770752,positive
569786457998680064,negative
569190811113525249,negative
568813570709782529,neutral
567801519207374849,positive
568562631616942080,positive
569865675793170432,negative
569883383930621952,positive
570081797427621888,neutral
569885015615664129,positive
570264682541522944,negative
569591456190504961,neutral
568541825092304897,negative
570038962561134594,negative
569967841727942657,neutral
569947357787385859,neutral
569715074505420802,negative
569571731649667072,positive
568052354525696000,neutral
569300959911768064,negative
569754180883247104,positive
569671000486502400,positive
569650294746820609,negative
569966496698343424,negative
568644286306242561,neutral
568881812174299137,negative
569948131397410816,neutral
569894307508965377,neutral
569558114447560706,negative
569658152741957634,neutral
569960833884803072,neutral
569995706909503488,positive
570004771496714241,negative
569096764835414016,positive
568585356586586113,neutral
569665260375793664,negative
567887646162161664,neutral
567778149132664833,positive
569311060903268352,negative
569779173461336065,negative
569769525744250880,negative
570243095482261504,negative
567830414615662592,negative
569514501730643968,negative
568014723926626304,negative
569886575720574976,negative
568467150475812864,negative
569200983173156864,negative
568925459540344833,positive
569528694613671936,negative
569668448718073856,neutral
568626368373780481,negative
568945176401457153,negative
568985883589906432,negative
570219379696148480,negative
569941617697644544,negative
569994045205803009,positive
569650423318982657,positive
567771077359570944,negative
569413676337274880,negative
568629385105793024,neutral
569487121897033728,negative
568726628639100928,negative
569939149756755968,positive
568166027726434304,positive
569940462678749186,negative
569906183487643648,negative
569673758501412865,negative
569763959240200193,neutral
569204255191490560,negative
568631538541326336,negative
568101609894342656,negative
569860989400649729,negative
570247871716405248,neutral
569939286935674880,negative
568544199072735232,negative
569171651381702657,negative
570236221575704576,negative
568154689449168896,neutral
569363354428567552,negative
567740187380170752,neutral
567895211575111680,neutral
569632828478136320,negative
567822780135124992,negative
567871783107452930,negative
569924418320740352,positive
570044554130423808,positive
569132246810144769,neutral
569714383971966976,negative
569674812781694976,negative
569263732280451072,positive
569646857632096256,neutral
568573889359556608,positive
568974120030875648,negative
567843811990376449,neutral
568553101587832832,positive
568474866753667072,negative
569853327359516672,negative
569740739912949760,neutral
569962709057298432,negative
570211810038521856,negative
568231725970505728,positive
570259420287868928,positive
568751082547089408,neutral
568423886762569728,positive
568487293100691457,negative
567872044030918657,negative
568087789004300288,negative
568806740227166208,negative
569898995327377408,neutral
569626703959494656,negative
569340402786025472,negative
568862015575461889,neutral
569811246096064512,neutral
568050773910622209,negative
570067181733580800,negative
569689184958595072,positive
568140595580919808,negative
568379326678368256,positive
568412555045179393,negative
569929677571166208,neutral
568500854082420737,negative
569281033365037056,negative
569873968175259650,negative
569452063920226304,neutral
569506563628642304,neutral
567810274083782657,positive
569011048843313153,positive
568885004610240512,neutral
569885774386044930,positive
569366337929105408,neutral
568635531900243968,negative
567832821013848064,negative
570306715599695874,neutral
568527922576777216,neutral
569696864091697152,negative
570012789479055360,neutral
569011846432366592,neutral
569247351392616448,negative
570143200935063552,negative
570250236402094080,neutral
569121160149012480,positive
569958485913243648,negative
569757094166994944,positive
570175988648316929,negative
569231102428250112,neutral
568133754142793728,negative
569936348217352194,negative
569917824078090242,negative
570020255793352704,neutral
569165227847102465,negative
569627477200535552,neutral
569895176631554049,negative
570195799256072193,negative
569920824905306113,negative
569920618843521024,negative
569784114309693440,neutral
570130792443039744,negative
568518985056002049,negative
567797955202416641,neutral
570115366023770112,negative
570065109420101633,negative
570259700937134080,neutral
568406334787457024,negative
570184083692658688,negative
569178715051188226,positive
567775456678912000,negative
568361830160175104,positive
570295981985681409,negative
567833231434723328,positive
569358956549681152,negative
568443892569235457,positive
568234670166568960,neutral
568092489011236864,negative
569897003255083008,negative
569317426975760384,neutral
569533103359660033,negative
568055724078706689,neutral
567791786145378304,negative
568453042816868352,neutral
569879818063507457,negative
568476370130628608,negative
569649820798881792,negative
570283309093113856,neutral
569974710915571712,neutral
569608328998887424,neutral
568630879246901248,neutral
568169732895051777,negative
569942253365534721,positive
569353230007664640,negative
569715419851796482,neutral
569185684268789761,neutral
570287408438120448,neutral
567759268724887552,neutral
569954583209881600,negative
569875024045314048,neutral
569678975049588737,negative
568457549973987328,negative
569672905270800385,negative
569824906638073856,negative
570185364746461184,neutral
569143996422995968,negative
568827677001428992,negative
569276415927037952,negative
569539287118692352,negative
569250469178175488,positive
569867947130421249,negative
569382132231110656,neutral
569500607637262336,negative
570293661377961984,negative
569686602940858368,negative
569238450794209280,negative
569691767953436674,negative
570279787287093248,neutral
567737653118779392,positive
567919283419742210,neutral
568948323916255233,negative
569906167947898880,positive
567790793197629440,negative
569003484701282304,negative
569645815268044801,negative
569698044175757312,positive
569561062749700097,negative
570278679491670016,negative
569917117576949760,negative
567776761510907904,neutral
567769798831255552,negative
569253430100946944,negative
568454418141614080,positive
567873196730421248,neutral
569075352888176640,negative
569905773276307457,negative
568240048384151554,positive
569380739285786625,neutral
569646230264885249,neutral
568169837878484992,negative
567790572833103872,negative
569459618881019905,neutral
569483987564961792,negative
569688201222160385,negative
568633911959363586,negative
569261077877248000,neutral
567830627219939328,negative
569783738210525184,negative
569661852235509762,negative
569975659730051072,negative
568578230933979136,negative
568882629409411072,positive
568248245563969536,neutral
569207912251289600,positive
569179849518161920,positive
569756967935148032,negative
570270918095695872,neutral
569740392372895745,negative
568554107952177152,neutral
568289529561518080,negative
567776832410636288,negative
570083998380232704,neutral
568175323470290944,positive
569118675070005248,negative
570304633048047616,negative
570307434113310720,negative
568450407204139008,positive
568858899438178305,negative
569475909226401792,negative
569989745503297536,negative
569924116335108096,positive
568808340387536896,negative
569760118591467520,negative
569496828376322048,negative
568575427742011392,negative
567753071833665536,negative
570184073139912704,negative
568910753652199424,positive
568574188086296576,negative
570114451120074752,negative
569878537999503360,negative
568652268305666048,positive
569989168903819264,positive
569915643094396929,negative
568997044406374400,neutral
567872810770657280,positive
569309777567875075,positive
570265883513384960,negative
569935232033366017,negative
568091794304401409,positive
568429798604857344,negative
568695647202717696,positive
569886288691773440,negative
569346420139905024,negative
570259423987404800,positive
569747702981853185,negative
570104704241307649,negative
568309328127655936,neutral
568643981258723328,negative
568533394402861056,neutral
568265355115814913,positive
569903376583913472,positive
569538524321419265,positive
569603529888788480,negative
569247182337019904,neutral
569667517146222592,positive
568654556634021890,neutral
570007830083854338,negative
567823459276877824,negative
570201172985974784,positive
568284538914385920,neutral
569666455114903552,neutral
568574614110117888,negative
568581908075933696,neutral
569915972758446080,neutral
570009292885123072,neutral
569606135960858624,neutral
568522747501895680,negative
568768837744611328,positive
570219138125324288,negative
569977129728749568,negative
569731353337581568,neutral
568259593773518848,neutral
567788982974619649,neutral
568175505314336768,negative
568022411783888896,negative
570030761539182592,negative
569101653573570560,positive
569736283326586880,neutral
570036932270358528,negative
568911851674836992,neutral
569633036251340800,negative
569854312702201856,negative
569731306092961792,neutral
568862914154770432,negative
570016770708283392,negative
569599978722746368,negative
569199676282564609,neutral
570115532906569729,neutral
569723205142880256,neutral
568172923531481088,positive
569490420356374528,negative
568481836290220033,negative
567855788699607040,positive
568394078817267712,positive
569681863939371008,negative
569684101197910016,negative
567737617031380992,positive
568176390325075968,positive
569759999083171840,positive
570210392539934721,negative
